model,accuracy,accuracy_ci,f1_score,f1_score_ci,avg_latency,total_input_tokens,total_output_tokens,cost
deepseek-v4-flash,0.8650137741046832,0.829 - 0.898,0.8629575581242075,0.827 - 0.897,11.060171449808378,389148,68733,0.049806
typhoon-v2.5,0.8264462809917356,0.788 - 0.865,0.8262214158606211,0.787 - 0.865,2.9198804276048644,371374,124827,0.04962010000000001
gemma-4,0.8677685950413223,0.832 - 0.901,0.8648173504381891,0.829 - 0.899,2.125518907857007,302455,58340,0.040186125
