model,accuracy,accuracy_ci,f1_score,f1_score_ci,avg_latency,total_input_tokens,total_output_tokens,cost
deepseek-v4-flash,0.8837209302325582,0.862 - 0.908,0.8829451681102094,0.860 - 0.907,6.533074192182962,751147,111882,0.089900625
typhoon-v2.5,0.8851744186046512,0.860 - 0.910,0.8856977846790713,0.862 - 0.910,3.1807491107042445,718687,241727,0.0960414
gemma-4,0.9011627906976745,0.879 - 0.923,0.9008211312087281,0.879 - 0.923,2.0995880704979566,589288,94921,0.0726729
