model,exact_count_match_rate,exact_count_match_rate_ci,age_group_accuracy,age_group_accuracy_ci,avg_latency,total_input_tokens,total_output_tokens,cost
deepseek-v4-flash,0.5077220077220077,0.463 - 0.554,0.75,0.717 - 0.783,10.8422600896202,640614,94265,0.07632554999999999
typhoon-v2.5,0.6486486486486487,0.604 - 0.689,0.724903474903475,0.694 - 0.757,1.975742657212217,647732,94652,0.07423840000000001
gemma-4,0.7413127413127413,0.703 - 0.780,0.7870012870012869,0.758 - 0.817,3.9607616488077464,529369,89374,0.066514875
