model,accuracy,accuracy_ci,precision,recall,f1,f1_ci,avg_latency,total_input_tokens,total_output_tokens,cost
deepseek-v4-flash,0.998,0.995 - 1.000,1.0,0.9961389961389961,0.9980657640232108,0.995 - 1.000,4.452644494771957,961395,38884,0.08376982499999999
typhoon-v2.5,0.999,0.997 - 1.000,1.0,0.9980694980694981,0.9990338164251208,0.997 - 1.000,0.501857770204544,950339,28517,0.0978856
gemma-4,0.999,0.997 - 1.000,1.0,0.9980694980694981,0.9990338164251208,0.997 - 1.000,0.961897720336914,721794,17214,0.05929874999999999
