pipeline,agent,accuracy,accuracy_ci,f1_score,f1_score_ci,total_input_tokens,total_output_tokens,avg_latency
heterogeneous_optimized,agent1_classification,0.998,0.995 - 1.000,0.9980657640232108,0.995 - 1.000,988339,28516,0.39311378860473634
heterogeneous_optimized,agent2_ner,0.9786821705426356,0.965 - 0.990,0.872093023255814,0.843 - 0.899,1195517,176607,22.53949684228084
heterogeneous_optimized,agent3_1_people_extractor,0.7461240310077519,0.707 - 0.781,0.8091085271317829,0.780 - 0.838,547236,78190,3.242720981438955
heterogeneous_optimized,agent3_2_pediatric_triage,0.729050279329609,0.684 - 0.777,0.7319351079083627,0.686 - 0.778,298077,58153,3.331980132523862
heterogeneous_optimized,agent3_3_adult_triage,0.7283653846153846,0.700 - 0.758,0.7324238853450553,0.704 - 0.762,710544,126523,3.504117788030551
