model,exp1_info_f1,exp2_info_f1,exp3_info_f1,exp1_cat_f1,exp2_cat_f1,exp3_cat_f1,exp1_latency_seconds,exp2_latency_seconds,exp3_latency_seconds,exp1_tokens,exp2_tokens,exp3_tokens
deepseek-v4-flash,0.8458390177353342,0.7418856259659969,0.7917282127031019,0.6003176597291892,0.5768004823208769,0.5466004204688293,1.841109854766572,2.819547474146839,3.180508405563841,369731,399377,444458
typhoon-v2.5,0.8707124010554089,0.707037643207856,0.6898839137645107,0.6406613826650497,0.5574208507414714,0.48312394675993015,0.6060678574193521,0.4088933325383768,0.5281040682735672,296262,326105,303029
gemma-4,0.7685325264750378,0.7206349206349206,0.7729323308270677,0.5521008762015035,0.5488916160557078,0.5344298080236985,2.7404513909997217,2.538492530465601,4.145621366709827,271916,298514,275053
